/root/thermopylae_tests/config/20210312_234110_736161_test.ini	/root/thermopylae_tests/config/lt_highskew.ini
/root/thermopylae_tests/config/20210312_234110_736690_test.ini	/root/thermopylae_tests/config/lt_highskew.ini
/root/thermopylae_tests/config/20210312_234110_737009_test.ini	/root/thermopylae_tests/config/lt_highskew.ini
/root/thermopylae_tests/config/20210312_234110_737310_test.ini	/root/thermopylae_tests/config/lt_highskew.ini
/root/thermopylae_tests/config/20210312_234110_737603_test.ini	/root/thermopylae_tests/config/lt_highskew.ini
/root/thermopylae_tests/config/20210312_234110_737899_test.ini	/root/thermopylae_tests/config/lt_highskew.ini
/root/thermopylae_tests/config/20210312_234110_738412_test.ini	/root/thermopylae_tests/config/lt.ini
/root/thermopylae_tests/config/20210312_234110_738717_test.ini	/root/thermopylae_tests/config/lt.ini
/root/thermopylae_tests/config/20210312_234110_739022_test.ini	/root/thermopylae_tests/config/lt.ini
/root/thermopylae_tests/config/20210312_234110_739318_test.ini	/root/thermopylae_tests/config/lt.ini
/root/thermopylae_tests/config/20210312_234110_739617_test.ini	/root/thermopylae_tests/config/lt.ini
/root/thermopylae_tests/config/20210312_234110_739907_test.ini	/root/thermopylae_tests/config/lt.ini
/root/thermopylae_tests/config/20210312_234110_740203_test.ini	/root/thermopylae_tests/config/lt.ini
/root/thermopylae_tests/config/20210312_234110_740496_test.ini	/root/thermopylae_tests/config/lt.ini
/root/thermopylae_tests/config/20210312_234110_740789_test.ini	/root/thermopylae_tests/config/lt.ini
/root/thermopylae_tests/config/20210312_234110_741095_test.ini	/root/thermopylae_tests/config/lt.ini
