/root/thermopylae_tests/config/20210307_014701_639357_test.ini	/root/thermopylae_tests/config/lt1.ini
/root/thermopylae_tests/config/20210307_014701_639881_test.ini	/root/thermopylae_tests/config/lt1.ini
/root/thermopylae_tests/config/20210307_014701_640201_test.ini	/root/thermopylae_tests/config/lt1.ini
/root/thermopylae_tests/config/20210307_014701_640505_test.ini	/root/thermopylae_tests/config/lt1.ini
/root/thermopylae_tests/config/20210307_014701_640801_test.ini	/root/thermopylae_tests/config/lt1.ini
/root/thermopylae_tests/config/20210307_014701_641112_test.ini	/root/thermopylae_tests/config/lt1.ini
/root/thermopylae_tests/config/20210307_014701_641413_test.ini	/root/thermopylae_tests/config/lt1.ini
/root/thermopylae_tests/config/20210307_014701_641708_test.ini	/root/thermopylae_tests/config/lt1.ini
/root/thermopylae_tests/config/20210307_014701_642300_test.ini	/root/thermopylae_tests/config/lt2.ini
/root/thermopylae_tests/config/20210307_014701_642619_test.ini	/root/thermopylae_tests/config/lt2.ini
/root/thermopylae_tests/config/20210307_014701_642911_test.ini	/root/thermopylae_tests/config/lt2.ini
/root/thermopylae_tests/config/20210307_014701_643205_test.ini	/root/thermopylae_tests/config/lt2.ini
/root/thermopylae_tests/config/20210307_014701_643506_test.ini	/root/thermopylae_tests/config/lt2.ini
/root/thermopylae_tests/config/20210307_014701_643804_test.ini	/root/thermopylae_tests/config/lt2.ini
/root/thermopylae_tests/config/20210307_014701_644107_test.ini	/root/thermopylae_tests/config/lt2.ini
/root/thermopylae_tests/config/20210307_014701_644513_test.ini	/root/thermopylae_tests/config/lt2.ini
/root/thermopylae_tests/config/20210307_014701_644817_test.ini	/root/thermopylae_tests/config/lt2.ini
/root/thermopylae_tests/config/20210307_014701_645877_test.ini	/root/thermopylae_tests/config/lt2.ini
/root/thermopylae_tests/config/20210307_014701_646181_test.ini	/root/thermopylae_tests/config/lt2.ini
/root/thermopylae_tests/config/20210307_014701_646473_test.ini	/root/thermopylae_tests/config/lt2.ini
/root/thermopylae_tests/config/20210307_014701_646768_test.ini	/root/thermopylae_tests/config/lt2.ini
/root/thermopylae_tests/config/20210307_014701_647058_test.ini	/root/thermopylae_tests/config/lt2.ini
/root/thermopylae_tests/config/20210307_014701_647356_test.ini	/root/thermopylae_tests/config/lt2.ini
/root/thermopylae_tests/config/20210307_014701_647676_test.ini	/root/thermopylae_tests/config/lt2.ini
/root/thermopylae_tests/config/20210307_014701_647973_test.ini	/root/thermopylae_tests/config/lt2.ini
/root/thermopylae_tests/config/20210307_014701_648271_test.ini	/root/thermopylae_tests/config/lt2.ini
/root/thermopylae_tests/config/20210307_014701_648567_test.ini	/root/thermopylae_tests/config/lt2.ini
/root/thermopylae_tests/config/20210307_014701_648861_test.ini	/root/thermopylae_tests/config/lt2.ini
