/root/thermopylae_tests/config/20210605_190013_763558_test.ini	/root/thermopylae_tests/config/lt.ini
/root/thermopylae_tests/config/20210605_190013_764110_test.ini	/root/thermopylae_tests/config/lt.ini
/root/thermopylae_tests/config/20210605_190013_764586_test.ini	/root/thermopylae_tests/config/lt.ini
/root/thermopylae_tests/config/20210605_190013_765035_test.ini	/root/thermopylae_tests/config/lt.ini
/root/thermopylae_tests/config/20210605_190013_765465_test.ini	/root/thermopylae_tests/config/lt.ini
/root/thermopylae_tests/config/20210605_190013_765899_test.ini	/root/thermopylae_tests/config/lt.ini
/root/thermopylae_tests/config/20210605_190013_766327_test.ini	/root/thermopylae_tests/config/lt.ini
/root/thermopylae_tests/config/20210605_190013_766882_test.ini	/root/thermopylae_tests/config/lt.ini
/root/thermopylae_tests/config/20210605_190013_767362_test.ini	/root/thermopylae_tests/config/lt.ini
/root/thermopylae_tests/config/20210605_190013_767807_test.ini	/root/thermopylae_tests/config/lt.ini
/root/thermopylae_tests/config/20210605_190013_768242_test.ini	/root/thermopylae_tests/config/lt.ini
/root/thermopylae_tests/config/20210605_190013_768672_test.ini	/root/thermopylae_tests/config/lt.ini
/root/thermopylae_tests/config/20210605_190013_769101_test.ini	/root/thermopylae_tests/config/lt.ini
/root/thermopylae_tests/config/20210605_190013_769525_test.ini	/root/thermopylae_tests/config/lt.ini
/root/thermopylae_tests/config/20210605_190013_769953_test.ini	/root/thermopylae_tests/config/lt.ini
/root/thermopylae_tests/config/20210605_190013_770447_test.ini	/root/thermopylae_tests/config/lt.ini
/root/thermopylae_tests/config/20210605_190013_770868_test.ini	/root/thermopylae_tests/config/lt.ini
/root/thermopylae_tests/config/20210605_190013_771285_test.ini	/root/thermopylae_tests/config/lt.ini
/root/thermopylae_tests/config/20210605_190013_771702_test.ini	/root/thermopylae_tests/config/lt.ini
/root/thermopylae_tests/config/20210605_190013_772119_test.ini	/root/thermopylae_tests/config/lt.ini
/root/thermopylae_tests/config/20210605_190013_772535_test.ini	/root/thermopylae_tests/config/lt.ini
/root/thermopylae_tests/config/20210605_190013_772961_test.ini	/root/thermopylae_tests/config/lt.ini
/root/thermopylae_tests/config/20210605_190013_774069_test.ini	/root/thermopylae_tests/config/lt2.ini
/root/thermopylae_tests/config/20210605_190013_774529_test.ini	/root/thermopylae_tests/config/lt2.ini
/root/thermopylae_tests/config/20210605_190013_774946_test.ini	/root/thermopylae_tests/config/lt2.ini
/root/thermopylae_tests/config/20210605_190013_775366_test.ini	/root/thermopylae_tests/config/lt2.ini
/root/thermopylae_tests/config/20210605_190013_775788_test.ini	/root/thermopylae_tests/config/lt2.ini
/root/thermopylae_tests/config/20210605_190013_776205_test.ini	/root/thermopylae_tests/config/lt2.ini
/root/thermopylae_tests/config/20210605_190013_776627_test.ini	/root/thermopylae_tests/config/lt2.ini
/root/thermopylae_tests/config/20210605_190013_777067_test.ini	/root/thermopylae_tests/config/lt2.ini
/root/thermopylae_tests/config/20210605_190013_777505_test.ini	/root/thermopylae_tests/config/lt2.ini
/root/thermopylae_tests/config/20210605_190013_777931_test.ini	/root/thermopylae_tests/config/lt2.ini
/root/thermopylae_tests/config/20210605_190013_778358_test.ini	/root/thermopylae_tests/config/lt2.ini
/root/thermopylae_tests/config/20210605_190013_778784_test.ini	/root/thermopylae_tests/config/lt2.ini
/root/thermopylae_tests/config/20210605_190013_779203_test.ini	/root/thermopylae_tests/config/lt2.ini
/root/thermopylae_tests/config/20210605_190013_779643_test.ini	/root/thermopylae_tests/config/lt2.ini
/root/thermopylae_tests/config/20210605_190013_780058_test.ini	/root/thermopylae_tests/config/lt2.ini
/root/thermopylae_tests/config/20210605_190013_780476_test.ini	/root/thermopylae_tests/config/lt2.ini
/root/thermopylae_tests/config/20210605_190013_780910_test.ini	/root/thermopylae_tests/config/lt2.ini
/root/thermopylae_tests/config/20210605_190013_781335_test.ini	/root/thermopylae_tests/config/lt2.ini
/root/thermopylae_tests/config/20210605_190013_781756_test.ini	/root/thermopylae_tests/config/lt2.ini
/root/thermopylae_tests/config/20210605_190013_782177_test.ini	/root/thermopylae_tests/config/lt2.ini
/root/thermopylae_tests/config/20210605_190013_782609_test.ini	/root/thermopylae_tests/config/lt2.ini
/root/thermopylae_tests/config/20210605_190013_783030_test.ini	/root/thermopylae_tests/config/lt2.ini
