/root/thermopylae_tests/config/20210310_040419_609511_test.ini	/root/thermopylae_tests/config/lt.ini
/root/thermopylae_tests/config/20210310_040419_610040_test.ini	/root/thermopylae_tests/config/lt.ini
/root/thermopylae_tests/config/20210310_040419_610345_test.ini	/root/thermopylae_tests/config/lt.ini
/root/thermopylae_tests/config/20210310_040419_610639_test.ini	/root/thermopylae_tests/config/lt.ini
/root/thermopylae_tests/config/20210310_040419_610922_test.ini	/root/thermopylae_tests/config/lt.ini
/root/thermopylae_tests/config/20210310_040419_611214_test.ini	/root/thermopylae_tests/config/lt.ini
/root/thermopylae_tests/config/20210310_040419_611669_test.ini	/root/thermopylae_tests/config/lt2.ini
/root/thermopylae_tests/config/20210310_040419_611976_test.ini	/root/thermopylae_tests/config/lt2.ini
/root/thermopylae_tests/config/20210310_040419_612268_test.ini	/root/thermopylae_tests/config/lt2.ini
/root/thermopylae_tests/config/20210310_040419_612560_test.ini	/root/thermopylae_tests/config/lt2.ini
/root/thermopylae_tests/config/20210310_040419_612848_test.ini	/root/thermopylae_tests/config/lt2.ini
/root/thermopylae_tests/config/20210310_040419_613136_test.ini	/root/thermopylae_tests/config/lt2.ini
